origin_policy,heldout_protocol,boundary,model,outer_fold,participants,raw_point_coverage,raw_high_hr_coverage,raw_mean_width_bpm,simultaneous_120s_coverage,simultaneous_120s_mean_width_bpm,pointwise_30s_coverage,pointwise_30s_mean_width_bpm,pointwise_60s_coverage,pointwise_60s_mean_width_bpm,pointwise_120s_coverage,pointwise_120s_mean_width_bpm
tagged_events,AEROBIC,source_user,pk_ssm,0,,0.761487322201608,0.44915351758095323,49.238546288964336,0.9714285714285714,189.32061795682202,0.9714285714285714,115.83716980506682,0.9380333951762523,113.84797332026648,0.9714285714285714,165.38036658943403
tagged_events,AEROBIC,source_user,tcn,0,,0.905343228200371,0.9025472543596784,63.74114826419789,0.8597402597402598,85.6453617769601,0.9584415584415584,52.92489997531252,0.9298701298701298,87.82149073044701,0.9012987012987013,102.36220379940141
tagged_events,AEROBIC,source_user,pk_ssm,1,,0.9239457070707071,0.4847908745247148,58.11224851884407,1.0,191.72054526558284,1.0,96.79872040216023,1.0,136.61383394446437,1.0,258.18696295676517
tagged_events,AEROBIC,source_user,tcn,1,,0.955094696969697,0.3846007604562737,55.242042457510294,1.0,104.15488704926403,1.0,50.313317587911975,1.0,96.77298397501676,1.0,116.46932887394009
tagged_events,AEROBIC,source_user,pk_ssm,2,,0.9322222222222223,0.87118993993994,72.18976141232054,1.0,158.88611407753106,1.0,95.47180690766479,1.0,146.5989805966554,0.9814814814814815,122.9994247009777
tagged_events,AEROBIC,source_user,tcn,2,,0.9607098765432099,0.9710022522522522,76.74296050377481,1.0,226.78072205324113,1.0,137.0696196274438,1.0,157.67494950371895,0.9814814814814815,151.63514163481022
tagged_events,AEROBIC,source_user,pk_ssm,3,,0.8692129629629629,0.7208333333333333,63.825286868957896,0.9444444444444443,117.54939146527171,0.9833333333333334,62.95703236827639,0.9277777777777777,104.90414807293465,0.9444444444444443,140.37806789182832
tagged_events,AEROBIC,source_user,tcn,3,,0.8619212962962962,0.7142857142857143,61.90009314291036,0.9444444444444443,102.58873414710514,1.0,65.4145299805699,0.9444444444444443,109.01284663891728,0.9833333333333334,111.43380169699645
tagged_events,AEROBIC,source_user,pk_ssm,4,,0.775841049382716,0.7097008216758403,67.10988716940837,1.0,245.18889740065472,0.9666666666666667,88.27584198080099,1.0,198.03310531204198,1.0,334.57475573798047
tagged_events,AEROBIC,source_user,tcn,4,,0.9225694444444444,0.7696409702398789,67.175252929826,1.0,101.03716506650531,0.6527777777777778,26.42041660240584,0.9833333333333334,81.21754991669293,0.9583333333333334,97.83187925301492
tagged_events,AEROBIC,seen_user_activity,pk_ssm,0,,0.9191789708307567,0.8121826570812549,52.39290599137574,1.0,198.82829940313678,1.0,123.18379437529532,0.987012987012987,119.19661784954923,0.9935064935064936,173.39660768262166
tagged_events,AEROBIC,seen_user_activity,tcn,0,,0.9582776747062463,0.8649908139590702,63.17923900225271,0.8810296846011132,85.04433340204942,0.9935064935064936,52.18053023203888,0.9935064935064936,92.18880640267207,0.9090909090909092,97.01958799566711
tagged_events,AEROBIC,seen_user_activity,pk_ssm,1,,0.9020290404040404,0.6879067740711314,45.02360059958992,0.9933333333333334,148.99837994584914,0.985,71.5083581067881,0.985,106.28776847278931,0.9933333333333334,207.1138115024655
tagged_events,AEROBIC,seen_user_activity,tcn,1,,0.9693156565656567,0.9300260676174482,47.756440747687286,0.9916666666666667,90.36548253957551,1.0,43.662771053375174,0.993939393939394,82.47139713158765,0.9916666666666667,101.89476514813327
tagged_events,AEROBIC,seen_user_activity,pk_ssm,2,,0.9616912578162579,0.7130212940377275,65.34836578304075,0.9904761904761905,144.15114554334744,0.9904761904761905,88.3015964619889,1.0,132.58142534042932,0.9547619047619047,109.77836030155794
tagged_events,AEROBIC,seen_user_activity,tcn,2,,0.9742420634920634,0.8749550033601283,61.729957452032096,0.9904761904761905,183.25571439748802,1.0,111.70242217804424,1.0,119.53726905939524,0.9821428571428572,108.39492962014161
tagged_events,AEROBIC,seen_user_activity,pk_ssm,3,,0.9411757643398269,0.8829160996624925,60.90453010912291,0.9732142857142857,112.20110228407005,0.9910714285714286,59.985612710168745,0.9910714285714286,99.84215099616334,0.9732142857142857,133.82062866918199
tagged_events,AEROBIC,seen_user_activity,tcn,3,,0.968009503517316,0.9636846798644552,61.18707459202386,0.9743303571428572,101.44503108445592,0.9910714285714286,64.17767294098428,0.9910714285714286,104.93889486118121,0.9654017857142857,115.789593465616
tagged_events,AEROBIC,seen_user_activity,pk_ssm,4,,0.8467913059163058,0.5812506839307202,55.577483169467335,1.0,204.2154835538686,0.9554761904761905,71.14525993383022,1.0,165.22669355883988,1.0,284.22783532580894
tagged_events,AEROBIC,seen_user_activity,tcn,4,,0.9605070346320346,0.7669758141719016,62.51898461314977,0.9714285714285714,94.25721037787116,0.9521645021645022,24.513530668007643,0.9688311688311689,75.47796851284063,0.9313203463203463,89.39299712898482
tagged_events,AEROBIC,joint_user_activity,pk_ssm,0,,0.8649014378478664,0.5,40.384721920571025,1.0,154.88747207585482,1.0,87.99737731408665,1.0,93.61740251959712,0.9857142857142858,139.08280433437488
tagged_events,AEROBIC,joint_user_activity,tcn,0,,0.9475618429189857,0.4700940860215054,54.57805399636477,0.9107606679035251,73.72606551158272,0.9795918367346939,45.0502745146919,1.0,78.36075414091171,0.9584415584415584,85.31623636053622
tagged_events,AEROBIC,joint_user_activity,pk_ssm,1,,0.8246726190476191,0.749645390070922,38.70126948318575,0.9761904761904763,132.36067090080098,0.9553571428571429,58.97418814240097,0.9553571428571429,94.49421679901795,1.0,189.26780389624906
tagged_events,AEROBIC,joint_user_activity,tcn,1,,0.9365327380952383,0.8687943262411347,52.37253877806853,0.9523809523809524,98.85956730073326,0.9553571428571429,47.05881314821116,0.9553571428571429,91.37032247640391,0.9523809523809524,111.5553940865577
tagged_events,AEROBIC,joint_user_activity,pk_ssm,2,,0.894753336940837,0.7511198336067554,62.13533801308578,1.0,137.26681297183438,1.0,84.542438345024,1.0,125.87873833567143,0.9047619047619047,103.98639091772579
tagged_events,AEROBIC,joint_user_activity,tcn,2,,0.9844088203463203,0.9841818454313855,68.4985113340475,1.0,203.19808975150167,1.0,121.30104181384255,1.0,131.12867757993257,0.9523809523809524,116.95360543586541
tagged_events,AEROBIC,joint_user_activity,pk_ssm,3,,0.9981666666666665,1.0,67.47345009420998,1.0,124.14622894007358,1.0,63.645533629288146,1.0,111.2791898374748,1.0,151.64513993646352
tagged_events,AEROBIC,joint_user_activity,tcn,3,,0.9976190476190476,1.0,65.14325858571151,1.0,107.77758498316913,1.0,68.62808183916536,1.0,114.95798463433243,1.0,117.1830622127387
tagged_events,AEROBIC,joint_user_activity,pk_ssm,4,,0.8080776515151515,0.6407407407407407,44.532415202631725,1.0,166.36266885500723,0.9848484848484849,56.166981884596765,1.0,134.76694452326325,1.0,236.17534799294188
tagged_events,AEROBIC,joint_user_activity,tcn,4,,0.9791477272727273,0.9703703703703703,60.34276726346729,0.9791666666666666,91.04728155584787,0.9473484848484848,23.43103840953318,1.0,71.70171650061752,0.9185606060606061,86.02682525728684
tagged_events,ANAEROBIC,source_user,pk_ssm,0,,0.9063760049474334,1.0,44.06753117236344,0.8834879406307977,56.90492642246148,0.9666048237476809,28.388639671593868,0.8692022263450834,42.62873264476589,0.9168831168831169,79.65924718966237
tagged_events,ANAEROBIC,source_user,tcn,0,,0.8975881261595547,1.0,39.16424294761091,0.8215213358070501,48.7375053943382,0.8248144712430426,15.832297601959167,0.8240723562152132,36.310060080882174,0.8562152133580704,65.74742726360408
tagged_events,ANAEROBIC,source_user,pk_ssm,1,,0.9186177248677249,0.6170262390670554,41.03420595316462,0.9523809523809524,210.3472654659123,0.9761904761904763,135.12016830150466,1.0,197.37994572441556,0.9761904761904763,164.72532030530195
tagged_events,ANAEROBIC,source_user,tcn,1,,0.5460618085618085,0.33940233236151607,9.300954241680774,0.9761904761904763,153.5206119643243,0.9761904761904763,93.08460185987981,1.0,117.59156549187654,0.9523809523809524,115.09054163598196
tagged_events,ANAEROBIC,source_user,pk_ssm,2,,0.934643308080808,0.9217598299413852,41.956175077335544,1.0,194.8780662258694,1.0,93.74568342947379,1.0,201.06679747536012,1.0,211.38301352980025
tagged_events,ANAEROBIC,source_user,tcn,2,,0.9145179473304473,0.9159472253468317,34.042995472009196,1.0,134.88473318650165,1.0,62.87921817127167,1.0,133.86994187393785,1.0,150.92121775804864
tagged_events,ANAEROBIC,source_user,pk_ssm,3,,0.9278809523809525,1.0,41.329217834851484,1.0,100.64812200112857,1.0,67.08155206009843,1.0,97.38822559662248,0.96,89.82533171422088
tagged_events,ANAEROBIC,source_user,tcn,3,,0.9532380952380952,1.0,38.32591059909259,1.0,110.4952115637742,1.0,76.00972277168503,1.0,102.26513421075728,0.9800000000000001,105.26158592768581
tagged_events,ANAEROBIC,source_user,pk_ssm,4,,0.9445436507936509,0.9535398230088495,49.368643885757024,0.9315476190476191,68.65825215031802,0.9761904761904762,35.160062307786454,1.0,69.02921075725753,0.9077380952380953,67.79196443652808
tagged_events,ANAEROBIC,source_user,tcn,4,,0.9684027777777778,0.8517699115044248,46.54729795166058,0.9345238095238096,57.38030659967822,1.0,31.342626740252097,0.9791666666666666,58.4076002690021,0.9345238095238096,64.73407654985586
tagged_events,ANAEROBIC,seen_user_activity,pk_ssm,0,,0.7703060365560365,0.6631643019058013,44.48311873724085,0.6658369408369408,57.588913353202216,0.7628066378066379,28.486530680121533,0.6388528138528138,43.24553712983812,0.8186507936507937,81.64487587877412
tagged_events,ANAEROBIC,seen_user_activity,tcn,0,,0.7714249639249637,0.7001819332384116,47.923420636435466,0.6154401154401155,59.707130509295254,0.5852453102453102,18.665319129535856,0.6166305916305915,44.98139459808493,0.7900793650793652,82.16252404094719
tagged_events,ANAEROBIC,seen_user_activity,pk_ssm,1,,0.7613357182940518,0.5601851851851852,39.217664817619905,1.0,201.28543267214005,1.0,127.08063737279056,1.0,188.59956074720003,1.0,160.30773240696348
tagged_events,ANAEROBIC,seen_user_activity,tcn,1,,0.3276929012345679,0.3329307568438003,10.708992321467566,0.9711111111111111,176.7050694133029,1.0,113.92413209889634,0.9777777777777777,137.94446328018847,0.9278282828282828,122.34293952925127
tagged_events,ANAEROBIC,seen_user_activity,pk_ssm,2,,0.7535937149270482,0.602344365642238,40.05133503523481,1.0,186.5130557013406,1.0,89.03416658252837,1.0,195.01846504131086,1.0,202.29468144880468
tagged_events,ANAEROBIC,seen_user_activity,tcn,2,,0.7171042368125702,0.7458184015660375,37.94206355353543,0.9777777777777777,150.02696621619467,0.9777777777777777,70.4456998529752,0.9777777777777777,148.66320134631997,0.9555555555555555,170.93386735971555
tagged_events,ANAEROBIC,seen_user_activity,pk_ssm,3,,0.727009285563973,0.7656165284905909,42.98938736995156,0.9302556818181817,104.66358484838173,0.9734375,69.61527232122529,0.9427556818181817,101.60390681816571,0.9101167929292929,93.858971954715
tagged_events,ANAEROBIC,seen_user_activity,tcn,3,,0.636394675925926,0.6662035017342622,35.242147402778514,0.8696180555555555,101.80021652835123,0.98125,72.21195526824957,0.9240056818181818,94.57798460028762,0.8450599747474747,94.42016545654968
tagged_events,ANAEROBIC,seen_user_activity,pk_ssm,4,,0.8095869809203141,0.7301362227210947,53.65575851852459,0.7556565656565657,74.35922826655077,0.8272438672438671,39.21405577126131,0.866902356902357,74.63493744332521,0.7708128908128908,72.21468619567578
tagged_events,ANAEROBIC,seen_user_activity,tcn,4,,0.8415595238095238,0.7292625371646498,56.04100288296147,0.7554882154882155,68.91173163050543,0.855863395863396,37.56309617255845,0.8464983164983165,72.26651917816218,0.8121596921596922,79.06110690956777
tagged_events,ANAEROBIC,joint_user_activity,pk_ssm,0,,0.7708835807050093,0.7866666666666666,48.74479109067953,0.5641001855287568,62.889319897889976,0.773747680890538,32.16047298862379,0.6806586270871985,47.22256202512164,0.7439239332096476,86.85000620344918
tagged_events,ANAEROBIC,joint_user_activity,tcn,0,,0.7169615800865801,0.72,44.45615773593998,0.5199907235621521,55.1268735231103,0.5855287569573283,17.289641398047205,0.6235157699443414,40.860829511387195,0.7309369202226346,76.49256486198964
tagged_events,ANAEROBIC,joint_user_activity,pk_ssm,1,,0.8408529741863076,0.228310502283105,42.495269970670776,1.0,217.74561858418483,1.0,140.400907126079,1.0,204.14171912523395,1.0,170.4975847718262
tagged_events,ANAEROBIC,joint_user_activity,tcn,1,,0.3126508136924803,0.0821917808219178,9.485516650901452,0.9666666666666667,156.54369261379267,1.0,96.94263825136478,1.0,120.37048635492944,0.9249999999999999,115.35574273066403
tagged_events,ANAEROBIC,joint_user_activity,pk_ssm,2,,0.7483101851851851,0.7402777777777778,36.11457908920342,1.0,169.53656129352171,0.9814814814814815,79.81046583969267,1.0,177.8755520058054,1.0,186.93312222315697
tagged_events,ANAEROBIC,joint_user_activity,tcn,2,,0.8062808641975309,0.8034722222222223,42.31189321342445,1.0,167.05093799557432,1.0,76.26122100730979,1.0,157.73622190015183,1.0,198.0815635332162
tagged_events,ANAEROBIC,joint_user_activity,pk_ssm,3,,0.7656018518518519,1.0,44.253290315922406,1.0,107.64973732799584,1.0,72.00495720571939,1.0,104.49006923240371,0.8944444444444445,96.25008715571397
tagged_events,ANAEROBIC,joint_user_activity,tcn,3,,0.6792824074074074,0.6949300699300699,33.94522756238381,0.8555555555555555,98.12807670629091,1.0,69.68613261546506,0.9444444444444443,90.8987711896622,0.7888888888888888,90.17168202411945
tagged_events,ANAEROBIC,joint_user_activity,pk_ssm,4,,0.926875,1.0,66.50141989508977,0.9500000000000001,91.69822488249218,0.9166666666666666,49.68458120853643,0.9500000000000001,92.07499057267648,0.9833333333333334,87.95805562228604
tagged_events,ANAEROBIC,joint_user_activity,tcn,4,,0.871520061728395,1.0,62.338407674557715,0.8083333333333332,76.45792400776419,0.8648148148148147,41.71569585089249,0.8999999999999999,78.23723633313462,0.8481481481481481,85.83789799181336
evaluation_stride,AEROBIC,source_user,pk_ssm,0,,0.8461951447245565,0.6990106590417513,44.03437164568581,0.9603174603174605,110.97158564770125,0.9841269841269842,66.66733604926704,0.9841269841269842,114.14076956939404,1.0,133.86804553282096
evaluation_stride,AEROBIC,source_user,tcn,0,,0.9140873015873018,0.7843695477797857,60.21487955478922,0.9761904761904763,110.50817733969632,0.9285714285714286,53.71406390397458,1.0,118.26855416555698,1.0,128.79980181385002
evaluation_stride,AEROBIC,source_user,pk_ssm,1,,0.8912750933706816,0.744937037172194,50.83353047349867,0.9345238095238096,115.94195499968589,0.9595238095238096,62.89912309147478,0.9330532212885153,89.72481117911424,0.975,158.70054191939403
evaluation_stride,AEROBIC,source_user,tcn,1,,0.911723596846146,0.7009429354179928,51.606637989836685,0.9761904761904763,109.0229080371584,0.9761904761904763,60.681242524866725,0.9663865546218487,82.48700563964871,1.0,123.11104197845093
evaluation_stride,AEROBIC,source_user,pk_ssm,2,,0.9494543650793651,0.8195732248528271,70.10229896163835,1.0,171.95117491285052,1.0,88.64951349908584,0.9880952380952381,118.81023641762367,1.0,194.2543227636644
evaluation_stride,AEROBIC,source_user,tcn,2,,0.9818617724867725,0.9427098332289026,73.51511297295612,0.9880952380952381,153.44270292623347,1.0,101.28896024005047,0.9880952380952381,140.21676409056406,1.0,225.58011030869977
evaluation_stride,AEROBIC,source_user,pk_ssm,3,,0.9432374338624339,0.2994410569105691,64.0585200072587,0.9761904761904762,115.34275949054701,0.9682539682539683,58.12793915098282,0.9047619047619048,68.57069626213797,0.9920634920634921,140.9470894943792
evaluation_stride,AEROBIC,source_user,tcn,3,,0.9422949735449736,0.5297518923465097,61.41328799112259,0.9841269841269842,104.10287372239131,0.9682539682539683,50.1716535182579,0.876984126984127,57.17344184004212,0.9920634920634921,125.9424860922504
evaluation_stride,AEROBIC,source_user,pk_ssm,4,,0.9050013923698135,0.6417215527368241,63.547838196062294,1.0,275.6294078879757,1.0,150.28349807951827,1.0,239.22886762851672,1.0,291.04743001412737
evaluation_stride,AEROBIC,source_user,tcn,4,,0.9514285714285715,0.8329791586922376,66.83120440149216,1.0,177.96302673190374,0.9578947368421052,63.91521620101384,0.9578947368421052,82.59162376136418,1.0,179.72942103069533
evaluation_stride,AEROBIC,seen_user_activity,pk_ssm,0,,0.8647322389650869,0.7125777723107096,49.585710569902346,0.955189312567132,125.23489438649793,0.9836197636949517,77.21089488283229,0.9716366809881849,128.29550165703105,0.9685150375939848,149.8647824573919
evaluation_stride,AEROBIC,seen_user_activity,tcn,0,,0.9377575535106079,0.8244708809431612,63.09624460240721,0.9267588614393125,115.89041174890706,0.9746911922663803,53.844409009561495,0.9866742749731472,132.5252773895476,0.9520676691729323,128.54563580947533
evaluation_stride,AEROBIC,seen_user_activity,pk_ssm,1,,0.8990115173198697,0.6756994688101436,44.531319525560164,0.9547455595510516,101.64786274072132,0.9553557807562384,53.63616469528536,0.939884130616396,78.58932581355833,0.9659147869674186,142.0069279354879
evaluation_stride,AEROBIC,seen_user_activity,tcn,1,,0.9726263636143498,0.9171554679150962,47.694649278880306,0.9894736842105263,100.98070398628529,0.9900839054157132,55.88397517617581,0.9894736842105263,75.74250788749514,0.992982456140351,114.57425985233817
evaluation_stride,AEROBIC,seen_user_activity,pk_ssm,2,,0.9551606376203535,0.7635265631962973,64.10821322663914,0.9958333333333333,157.56818252191712,0.9958333333333333,83.21634100361324,0.9958333333333333,108.51741860399655,0.9958333333333333,174.3323834986158
evaluation_stride,AEROBIC,seen_user_activity,tcn,2,,0.979594001474484,0.8723091318287245,59.373287213089974,0.9958333333333333,124.48480234580533,0.9958333333333333,83.77072481943063,0.9958333333333333,109.10898004370519,0.9958333333333333,165.76495590882126
evaluation_stride,AEROBIC,seen_user_activity,pk_ssm,3,,0.9361056466220772,0.8020077292947749,59.69893641303962,0.9796016876430206,107.53461341843513,0.9900868850114417,54.55807356858318,0.9361578298367401,63.588980045012704,0.9888980263157895,130.68604439744644
evaluation_stride,AEROBIC,seen_user_activity,tcn,3,,0.9759965660049211,0.9389338992948679,60.4272920148945,0.985608552631579,102.48567969366518,0.9786566550247101,49.29567644521429,0.9501870434958881,55.196149948217844,0.9888980263157895,129.52113876283593
evaluation_stride,AEROBIC,seen_user_activity,pk_ssm,4,,0.8279802344914574,0.6141164376229571,54.43185626830539,0.992982456140351,237.29542643958578,0.992982456140351,126.71946006751953,0.9894736842105264,205.50535492061348,0.9958333333333333,254.29906582921762
evaluation_stride,AEROBIC,seen_user_activity,tcn,4,,0.9649069869663264,0.8369344527393879,61.556448209380406,0.9853070175438596,164.33232008499158,0.9694110685209758,58.40483109248682,0.9743679050567595,76.03439602637107,0.9811403508771929,163.3538131715292
evaluation_stride,AEROBIC,joint_user_activity,pk_ssm,0,,0.8633443728368542,0.537756309148265,42.29812588665908,0.9897959183673469,109.0056861209484,0.9897959183673469,62.32749922380924,1.0,112.72839290718171,0.979591836734694,133.74753278164638
evaluation_stride,AEROBIC,joint_user_activity,tcn,0,,0.9708994708994709,0.6893992834836644,58.03507630462849,1.0,106.72382302759065,0.9897959183673469,49.60027779753607,1.0,119.00447061939344,1.0,121.87314198516746
evaluation_stride,AEROBIC,joint_user_activity,pk_ssm,1,,0.8620535714285715,0.6486615678776291,40.7082280377732,0.9479166666666666,95.04991849983448,0.9270833333333334,47.585124546840085,0.9375,73.6161768450394,0.9479166666666666,135.2575489685608
evaluation_stride,AEROBIC,joint_user_activity,tcn,1,,0.9739583333333334,0.9431166347992352,52.4614350519382,0.9791666666666666,110.76713765100683,0.9895833333333334,60.31791604011421,0.9895833333333334,84.16031743356349,0.9791666666666666,126.76190106575123
evaluation_stride,AEROBIC,joint_user_activity,pk_ssm,2,,0.8646727111897391,0.6935210397635911,60.804680774940856,0.9824561403508771,149.67115437699192,1.0,79.63332180893705,0.9736842105263158,102.79464862209726,0.9824561403508771,164.50457811581398
evaluation_stride,AEROBIC,joint_user_activity,tcn,2,,0.9503009975920192,0.9300528333160676,65.50480790854155,0.9649122807017544,137.24012559257906,0.9912280701754387,91.43903496680282,0.9736842105263158,118.03942300053464,0.9824561403508771,175.00154137280126
evaluation_stride,AEROBIC,joint_user_activity,pk_ssm,3,,0.9854761904761904,1.0,68.58929488630649,1.0,123.3838946364121,0.9789473684210526,59.891276467007565,0.9894736842105264,73.7528430106589,1.0,153.71917906698135
evaluation_stride,AEROBIC,joint_user_activity,tcn,3,,0.9904385964912281,1.0,64.71071910962995,0.9894736842105264,109.50279897449204,0.9789473684210526,52.73664575619666,0.9894736842105264,60.69160316224837,1.0,131.74266238737775
evaluation_stride,AEROBIC,joint_user_activity,pk_ssm,4,,0.7906629554655872,0.5939439144538223,47.84527122811726,1.0,210.56931675473373,0.9880952380952381,109.45360885819585,0.9880952380952381,183.09446325034943,1.0,228.85909752029627
evaluation_stride,AEROBIC,joint_user_activity,tcn,4,,0.9758503986478814,0.8632875262929359,60.701496880851124,1.0,162.06811041564018,0.9927536231884058,57.62059275121285,0.9761904761904763,74.64496878765968,1.0,159.26267655098653
evaluation_stride,ANAEROBIC,source_user,pk_ssm,0,,0.9188255857898715,1.0,43.784564888705674,1.0,131.3671643506107,1.0,87.46453631727125,0.9659863945578231,82.51216622704787,0.9597505668934241,82.51672288347699
evaluation_stride,ANAEROBIC,source_user,tcn,0,,0.916765873015873,1.0,40.36369719864724,0.937641723356009,67.90283048528961,0.9716553287981861,51.49874718639925,0.917233560090703,46.52950411663427,0.927437641723356,62.23332219191981
evaluation_stride,ANAEROBIC,source_user,pk_ssm,1,,0.9596392322954822,0.9615014436958613,40.28810773577992,0.9895833333333334,237.831497291413,0.9895833333333334,157.3788955892395,0.9895833333333334,162.58298692743463,0.9895833333333334,156.46318458731395
evaluation_stride,ANAEROBIC,source_user,tcn,1,,0.6258146367521368,0.42967876959647566,9.329197318742173,0.9895833333333334,138.06490555519986,0.9895833333333334,77.20772376839456,0.9895833333333334,129.21165944122677,0.9791666666666666,118.2344392104911
evaluation_stride,ANAEROBIC,source_user,pk_ssm,2,,0.894468339967566,0.9465066120473282,42.77567671107584,1.0,173.5507683382827,1.0,109.45536242645629,1.0,175.8097114164512,1.0,182.22332647465456
evaluation_stride,ANAEROBIC,source_user,tcn,2,,0.8860440521237735,0.9068694948770673,34.4665981458857,0.9912280701754387,130.86533387353833,1.0,78.29231457594871,0.9912280701754387,120.25080725859496,0.9912280701754387,138.42233320195132
evaluation_stride,ANAEROBIC,source_user,pk_ssm,3,,0.9367042606516292,1.0,45.16273649017121,0.9751879699248122,93.06614426701533,0.9857142857142858,63.04379427346822,0.9894736842105264,96.36976973303231,0.9714285714285715,97.12028465972205
evaluation_stride,ANAEROBIC,source_user,tcn,3,,0.9324999999999999,1.0,40.22974548231178,1.0,101.68510497497127,1.0,67.136595913063,0.9894736842105264,91.3155645349349,0.9857142857142858,121.29531596416389
evaluation_stride,ANAEROBIC,source_user,pk_ssm,4,,0.9503490073999227,0.8650380206559982,52.67749825076193,0.9232815239680229,73.08154398963313,0.9736024844720497,44.761207405602626,0.9616977225672878,77.23603294441588,0.9398446709659525,82.08664897350586
evaluation_stride,ANAEROBIC,source_user,tcn,4,,0.9528202505605251,0.9045071501532176,48.98344506634218,0.9440399417516122,88.06023875258325,0.963305001634521,35.81168912962596,0.9839816933638444,80.67383782499154,0.9455654947645794,105.87823237233874
evaluation_stride,ANAEROBIC,seen_user_activity,pk_ssm,0,,0.8606327531012405,0.548997278112185,48.6118310892903,0.983843537414966,145.86674334891296,0.983843537414966,100.22580878522463,0.9719387755102041,91.65023816303301,0.904641856742697,90.43461957973345
evaluation_stride,ANAEROBIC,seen_user_activity,tcn,0,,0.8555549719887956,0.5687639391831938,50.63431272107204,0.8921568627450979,85.03271763716768,0.9728391356542617,61.01384922764279,0.877064158996932,58.552368941977775,0.837048152594371,81.35657182599535
evaluation_stride,ANAEROBIC,seen_user_activity,pk_ssm,1,,0.8561239878017484,0.420848246241947,39.499740747083706,1.0,233.2512792050913,1.0,152.98864810107304,1.0,159.30561660639177,0.9888888888888889,154.22420433364735
evaluation_stride,ANAEROBIC,seen_user_activity,tcn,1,,0.41955911838419585,0.25644227978873646,10.553767382507205,0.9839181286549706,156.1586311273169,1.0,87.23127905574383,1.0,144.42694163307252,0.9538757023277148,123.90351002529057
evaluation_stride,ANAEROBIC,seen_user_activity,pk_ssm,2,,0.8660814113169634,0.5327700476692754,42.00807721480844,0.9964912280701754,170.7800404585269,0.9964912280701754,104.94142208092393,0.9964912280701754,175.28296739460623,1.0,182.71377286843926
evaluation_stride,ANAEROBIC,seen_user_activity,tcn,2,,0.8312037692269889,0.653295560828293,39.85581236982489,0.9964912280701754,150.9209496325998,0.9964912280701754,90.44680703049858,0.9869674185463659,138.56228689331098,1.0,162.83536865198266
evaluation_stride,ANAEROBIC,seen_user_activity,pk_ssm,3,,0.7982905870681605,0.5588572056833542,47.04358847286817,0.8885424345176668,96.88883288625173,0.934155087473586,65.66014061539063,0.9378100582338198,100.52877387898373,0.8868617622487591,101.36801499162078
evaluation_stride,ANAEROBIC,seen_user_activity,tcn,3,,0.7112889812357692,0.5161748352818517,37.17632532906751,0.8712210980883581,94.12734656585181,0.9306828652513637,63.9847149718131,0.9341335876455845,85.13209015254786,0.8797751117991056,109.54982612691357
evaluation_stride,ANAEROBIC,seen_user_activity,pk_ssm,4,,0.8853002645502647,0.661942305121068,57.71551543224802,0.8834267040149393,79.79343597543355,0.904014939309057,49.86760458098535,0.9246031746031745,84.32135640804084,0.917130407718643,88.59126816675104
evaluation_stride,ANAEROBIC,seen_user_activity,tcn,4,,0.8880773939205311,0.5435749581822925,59.56451534088653,0.9207282913165267,106.7032735744714,0.9189822595704947,43.71369134409094,0.9601587301587301,100.45793391721283,0.9596171802054155,130.30444640206298
evaluation_stride,ANAEROBIC,joint_user_activity,pk_ssm,0,,0.8471016184251479,0.44412662090007626,53.32769599125385,0.9761904761904763,159.58204417187216,1.0,113.46035548153694,0.9523809523809523,100.15756150847797,0.8487394957983193,96.60197948018327
evaluation_stride,ANAEROBIC,joint_user_activity,tcn,0,,0.8255796763149703,0.4407894736842105,47.65757430641747,0.8090569561157795,79.80983252544982,0.9047619047619049,57.3618380730122,0.8328664799253035,54.57065700827232,0.8244631185807656,76.35500932479566
evaluation_stride,ANAEROBIC,joint_user_activity,pk_ssm,1,,0.8334460265587716,0.4571226795803067,43.79203965772929,1.0,257.9322611989239,1.0,173.89676421352175,1.0,176.12184693777374,1.0,167.78800418836266
evaluation_stride,ANAEROBIC,joint_user_activity,tcn,1,,0.3559980936819172,0.40627522195318805,9.50858499409759,0.9663865546218487,140.7163970161392,1.0,78.0760258875338,0.9761904761904763,132.35428897296126,0.942577030812325,114.35278099578198
evaluation_stride,ANAEROBIC,joint_user_activity,pk_ssm,2,,0.8171957671957671,0.5581296088820104,38.747314544901926,0.9861111111111112,158.34259922104508,1.0,96.70878001176668,1.0,162.8053437365525,0.9742063492063493,171.28164470393247
evaluation_stride,ANAEROBIC,joint_user_activity,tcn,2,,0.8104828042328043,0.5634487578181806,43.555147937352416,1.0,164.7743033812676,1.0,97.46566236396691,0.9880952380952381,147.42829874898658,0.9880952380952381,183.1551803713822
evaluation_stride,ANAEROBIC,joint_user_activity,pk_ssm,3,,0.892906746031746,0.75,48.86609260610664,0.9761904761904763,100.60446436793116,1.0,68.4358132126332,0.9761904761904763,104.40684670893332,0.9761904761904763,105.24717130216887
evaluation_stride,ANAEROBIC,joint_user_activity,tcn,3,,0.808316798941799,0.6730769230769231,37.52444859096532,0.9345238095238094,94.9242010128858,0.9920634920634921,64.06033226083747,0.9523809523809524,85.36426002969243,0.9503968253968255,109.8805243862369
evaluation_stride,ANAEROBIC,joint_user_activity,pk_ssm,4,,0.9366959064327486,0.5,64.55896868538818,0.9077694235588973,89.11590491745666,0.9578947368421052,56.22708245783619,0.9578947368421052,94.33653446719704,0.9498746867167919,98.54094367796682
evaluation_stride,ANAEROBIC,joint_user_activity,tcn,4,,0.9284502923976609,0.5,65.67551888133778,0.9491228070175438,117.44743618628124,0.9578947368421052,47.49420816133026,0.9578947368421052,107.77431504525217,0.9912280701754387,141.87567040055245
