origin_policy,heldout_protocol,boundary,metric,pk_ssm_minus_tcn_bpm,ci_low_bpm,ci_high_bpm,wilcoxon_p,participants,pk_ssm_better_fraction,tcn_better_fraction,ties_fraction
evaluation_stride,AEROBIC,joint_user_activity,mae_120s_bpm,-1.4988113882309297,-2.4388406559707176,-0.6256358695975381,0.009301122277975082,30,0.6666666666666666,0.3333333333333333,0.0
evaluation_stride,AEROBIC,joint_user_activity,mae_30s_bpm,0.5520352037125744,0.1358844594207872,0.9827059814464608,0.019660815596580505,30,0.3333333333333333,0.6666666666666666,0.0
evaluation_stride,AEROBIC,joint_user_activity,mae_60s_bpm,-0.27396143320035665,-0.9594176016989178,0.3457982997750126,0.7456546742469072,30,0.5,0.5,0.0
evaluation_stride,AEROBIC,joint_user_activity,trajectory_mae_bpm,-0.34671919485385494,-0.8798144173517838,0.14463516784560138,0.4771064817905426,30,0.5666666666666667,0.43333333333333335,0.0
evaluation_stride,AEROBIC,seen_user_activity,mae_120s_bpm,-0.5679741709101819,-1.1140328891930178,-0.04340836463478047,0.1104210764169693,29,0.6206896551724138,0.3793103448275862,0.0
evaluation_stride,AEROBIC,seen_user_activity,mae_30s_bpm,0.4931498089555852,0.16928067968681898,0.8282663762737023,0.012943167239427567,29,0.27586206896551724,0.7241379310344828,0.0
evaluation_stride,AEROBIC,seen_user_activity,mae_60s_bpm,-0.053910174789518935,-0.46996335277282064,0.3505684154963607,0.8147765882313251,29,0.5172413793103449,0.4827586206896552,0.0
evaluation_stride,AEROBIC,seen_user_activity,trajectory_mae_bpm,-0.06932060166572754,-0.4080102242763745,0.2610363716076694,0.7332091443240643,29,0.4827586206896552,0.5172413793103449,0.0
evaluation_stride,AEROBIC,source_user,mae_120s_bpm,-0.8248349975222118,-1.691961534469694,-0.004500449716682278,0.09026811271905899,31,0.6774193548387096,0.3225806451612903,0.0
evaluation_stride,AEROBIC,source_user,mae_30s_bpm,0.5211999868258228,0.11301086225333636,0.9328010501425594,0.02600933238863945,31,0.3870967741935484,0.6129032258064516,0.0
evaluation_stride,AEROBIC,source_user,mae_60s_bpm,-0.42227033124238883,-1.18436538610557,0.244577196933065,0.4677626034244895,31,0.5483870967741935,0.45161290322580644,0.0
evaluation_stride,AEROBIC,source_user,trajectory_mae_bpm,-0.3285232145261918,-0.8521439396170114,0.15736443505037628,0.3777303956449032,31,0.5806451612903226,0.41935483870967744,0.0
evaluation_stride,ANAEROBIC,joint_user_activity,mae_120s_bpm,-1.4122241117146437,-2.0100035538537657,-0.8794786309907229,4.6193599700927734e-06,31,0.8387096774193549,0.16129032258064516,0.0
evaluation_stride,ANAEROBIC,joint_user_activity,mae_30s_bpm,-0.032030515583741676,-0.2407919661650681,0.17472640010593246,0.8241792023181915,31,0.5161290322580645,0.4838709677419355,0.0
evaluation_stride,ANAEROBIC,joint_user_activity,mae_60s_bpm,-0.4421012599736365,-0.8457817889903558,-0.04501402265894351,0.045629615895450115,31,0.6451612903225806,0.3548387096774194,0.0
evaluation_stride,ANAEROBIC,joint_user_activity,trajectory_mae_bpm,-0.4926575014658581,-0.7641921918953436,-0.2253608395208381,0.0018533961847424507,31,0.7096774193548387,0.2903225806451613,0.0
evaluation_stride,ANAEROBIC,seen_user_activity,mae_120s_bpm,-1.4065120891526306,-2.11074544130705,-0.7400542305087962,0.0004513449966907501,29,0.7931034482758621,0.20689655172413793,0.0
evaluation_stride,ANAEROBIC,seen_user_activity,mae_30s_bpm,-0.0003365714519783801,-0.1840087861999999,0.1763182951079387,0.7332091443240643,29,0.3793103448275862,0.6206896551724138,0.0
evaluation_stride,ANAEROBIC,seen_user_activity,mae_60s_bpm,-0.48456141941932673,-0.826271807756754,-0.15002367482486137,0.013825550675392151,29,0.6896551724137931,0.3103448275862069,0.0
evaluation_stride,ANAEROBIC,seen_user_activity,trajectory_mae_bpm,-0.5757781234295908,-0.8661150565524002,-0.2964025578008943,0.0007359124720096588,29,0.7241379310344828,0.27586206896551724,0.0
evaluation_stride,ANAEROBIC,source_user,mae_120s_bpm,0.5285671912811993,-0.021852701867248452,1.129084819633197,0.10039735585451126,30,0.4,0.6,0.0
evaluation_stride,ANAEROBIC,source_user,mae_30s_bpm,0.4532560393703496,0.20641823457590905,0.7353240793233645,0.006639536470174789,30,0.36666666666666664,0.6333333333333333,0.0
evaluation_stride,ANAEROBIC,source_user,mae_60s_bpm,0.5228311247616476,0.13591174723222157,0.9209957858842687,0.02084985189139843,30,0.36666666666666664,0.6333333333333333,0.0
evaluation_stride,ANAEROBIC,source_user,trajectory_mae_bpm,0.5029797003735732,0.17759842797109485,0.8520857996021425,0.017453668639063835,30,0.36666666666666664,0.6333333333333333,0.0
tagged_events,AEROBIC,joint_user_activity,mae_120s_bpm,-1.1170233113122356,-2.003806816767133,-0.27932667845895226,0.015460003167390823,30,0.7333333333333333,0.26666666666666666,0.0
tagged_events,AEROBIC,joint_user_activity,mae_30s_bpm,0.8555726556213735,0.3518082716211096,1.4160846450238695,0.00466480478644371,30,0.26666666666666666,0.7333333333333333,0.0
tagged_events,AEROBIC,joint_user_activity,mae_60s_bpm,-0.1482372076191431,-0.8206149474181151,0.5110688869315304,0.9838335812091827,30,0.36666666666666664,0.6333333333333333,0.0
tagged_events,AEROBIC,joint_user_activity,trajectory_mae_bpm,-0.11909735466721726,-0.6380879326992455,0.3743134630159699,0.9515264742076397,30,0.5,0.5,0.0
tagged_events,AEROBIC,seen_user_activity,mae_120s_bpm,-0.7178648785922683,-1.3410942206830474,-0.10615117636052918,0.05622555688023567,29,0.6206896551724138,0.3793103448275862,0.0
tagged_events,AEROBIC,seen_user_activity,mae_30s_bpm,0.6323329226745387,0.29595034927644875,1.0086588759888533,0.0011698119342327118,29,0.2413793103448276,0.7586206896551724,0.0
tagged_events,AEROBIC,seen_user_activity,mae_60s_bpm,-0.14396220815616506,-0.5917815209369887,0.29895178302639186,0.5940011255443096,29,0.4827586206896552,0.5172413793103449,0.0
tagged_events,AEROBIC,seen_user_activity,trajectory_mae_bpm,-0.13866240105395142,-0.5118977174500806,0.24336357934066083,0.41691966354846954,29,0.5517241379310345,0.4482758620689655,0.0
tagged_events,AEROBIC,source_user,mae_120s_bpm,-1.3332722208141785,-2.3885575568707864,-0.3249999177043399,0.033809719607234,31,0.6129032258064516,0.3870967741935484,0.0
tagged_events,AEROBIC,source_user,mae_30s_bpm,0.1518072269293903,-0.3456359256093958,0.6797472445359616,0.7206862810999155,31,0.5483870967741935,0.45161290322580644,0.0
tagged_events,AEROBIC,source_user,mae_60s_bpm,-0.5644046648300128,-1.4602517813930387,0.28369882003405156,0.43272085953503847,31,0.5161290322580645,0.4838709677419355,0.0
tagged_events,AEROBIC,source_user,trajectory_mae_bpm,-0.46476911135889837,-1.0990310047757244,0.13324327271278116,0.2240869216620922,31,0.5483870967741935,0.45161290322580644,0.0
tagged_events,ANAEROBIC,joint_user_activity,mae_120s_bpm,-1.0733809069222544,-2.433628318937353,0.10270045481867732,0.1953968871384859,31,0.6451612903225806,0.3548387096774194,0.0
tagged_events,ANAEROBIC,joint_user_activity,mae_30s_bpm,0.05338115007968404,-0.3768371058922491,0.43938008078086854,0.5682233804836869,31,0.4838709677419355,0.5161290322580645,0.0
tagged_events,ANAEROBIC,joint_user_activity,mae_60s_bpm,-0.41526055672534623,-1.185087563424283,0.32440962156778674,0.3271495960652828,31,0.6129032258064516,0.3870967741935484,0.0
tagged_events,ANAEROBIC,joint_user_activity,trajectory_mae_bpm,-0.46885198238507114,-1.186586751419344,0.17367297649636299,0.15165852662175894,31,0.5806451612903226,0.41935483870967744,0.0
tagged_events,ANAEROBIC,seen_user_activity,mae_120s_bpm,-1.2631292464585981,-2.285600202085535,-0.3095135220612215,0.022908341139554977,29,0.6896551724137931,0.3103448275862069,0.0
tagged_events,ANAEROBIC,seen_user_activity,mae_30s_bpm,-0.12160408041863983,-0.4867358492317971,0.22711781748904591,0.7172092758119106,29,0.5172413793103449,0.4827586206896552,0.0
tagged_events,ANAEROBIC,seen_user_activity,mae_60s_bpm,-0.6252390963764171,-1.3628370487551997,0.06021566964389254,0.22136975452303886,29,0.5172413793103449,0.4827586206896552,0.0
tagged_events,ANAEROBIC,seen_user_activity,trajectory_mae_bpm,-0.637618493941181,-1.207596461834739,-0.10509176922384707,0.06551516801118851,29,0.6551724137931034,0.3448275862068966,0.0
tagged_events,ANAEROBIC,source_user,mae_120s_bpm,0.22471376899620144,-0.45158135758244355,0.937997245213204,0.871207794174552,30,0.5,0.5,0.0
tagged_events,ANAEROBIC,source_user,mae_30s_bpm,0.42131316432429966,0.14547528690404166,0.7277754137796068,0.00577649287879467,30,0.23333333333333334,0.7666666666666667,0.0
tagged_events,ANAEROBIC,source_user,mae_60s_bpm,0.3373903870795888,-0.012328667379767462,0.7008352349202867,0.140283040702343,30,0.43333333333333335,0.5666666666666667,0.0
tagged_events,ANAEROBIC,source_user,trajectory_mae_bpm,0.2757746669018137,-0.06728068926438892,0.6420586520497464,0.3598779272288084,30,0.5,0.5,0.0
