policy,model,sport,seen_in_training,origins,participants,participant_macro_mae_bpm,inferential_status
tagged_events,pk_ssm,GC_BIKE,True,534,26,9.107697956232062,eligible
tagged_events,pk_ssm,GC_INFERRED_BIKE_OTHER,True,40,2,9.12759024234781,descriptive_only
tagged_events,pk_ssm,GC_INFERRED_BIKE_SWIM,True,8,1,22.776646494865417,descriptive_only
tagged_events,pk_ssm,GC_RUN,True,120,7,11.400291187613663,eligible
tagged_events,tcn,GC_BIKE,True,534,26,9.050632863911956,eligible
tagged_events,tcn,GC_INFERRED_BIKE_OTHER,True,40,2,9.5206241246571,descriptive_only
tagged_events,tcn,GC_INFERRED_BIKE_SWIM,True,8,1,22.15547869205475,descriptive_only
tagged_events,tcn,GC_RUN,True,120,7,11.784185806047146,eligible
tagged_events,gru,GC_BIKE,True,534,26,9.25589686152571,eligible
tagged_events,gru,GC_INFERRED_BIKE_OTHER,True,40,2,9.483978487357072,descriptive_only
tagged_events,gru,GC_INFERRED_BIKE_SWIM,True,8,1,23.538662314414978,descriptive_only
tagged_events,gru,GC_RUN,True,120,7,11.620021973811438,eligible
tagged_events,lstm,GC_BIKE,True,534,26,9.291095236898776,eligible
tagged_events,lstm,GC_INFERRED_BIKE_OTHER,True,40,2,10.511323508949435,descriptive_only
tagged_events,lstm,GC_INFERRED_BIKE_SWIM,True,8,1,23.06268480618795,descriptive_only
tagged_events,lstm,GC_RUN,True,120,7,11.6521876300045,eligible
tagged_events,transformer,GC_BIKE,True,534,26,9.222818187597577,eligible
tagged_events,transformer,GC_INFERRED_BIKE_OTHER,True,40,2,9.790684000690373,descriptive_only
tagged_events,transformer,GC_INFERRED_BIKE_SWIM,True,8,1,23.146205178896587,descriptive_only
tagged_events,transformer,GC_RUN,True,120,7,12.162412301988269,eligible
tagged_events,first_order_kinetics,GC_BIKE,True,534,26,9.443227458851599,eligible
tagged_events,first_order_kinetics,GC_INFERRED_BIKE_OTHER,True,40,2,10.291261923158167,descriptive_only
tagged_events,first_order_kinetics,GC_INFERRED_BIKE_SWIM,True,8,1,26.639553276697793,descriptive_only
tagged_events,first_order_kinetics,GC_RUN,True,120,7,12.566058884765768,eligible
tagged_events,residual_ssm,GC_BIKE,True,534,26,9.20097777090996,eligible
tagged_events,residual_ssm,GC_INFERRED_BIKE_OTHER,True,40,2,9.793696426083569,descriptive_only
tagged_events,residual_ssm,GC_INFERRED_BIKE_SWIM,True,8,1,25.477235253651937,descriptive_only
tagged_events,residual_ssm,GC_RUN,True,120,7,12.312830413119986,eligible
tagged_events,persistence,GC_BIKE,True,534,26,9.917016551115656,eligible
tagged_events,persistence,GC_INFERRED_BIKE_OTHER,True,40,2,10.713501059852074,descriptive_only
tagged_events,persistence,GC_INFERRED_BIKE_SWIM,True,8,1,25.292708333333334,descriptive_only
tagged_events,persistence,GC_RUN,True,120,7,12.972818045759647,eligible
tagged_events,damped_trend,GC_BIKE,True,534,26,14.34529674176948,eligible
tagged_events,damped_trend,GC_INFERRED_BIKE_OTHER,True,40,2,13.941163260721508,descriptive_only
tagged_events,damped_trend,GC_INFERRED_BIKE_SWIM,True,8,1,25.572217774391174,descriptive_only
tagged_events,damped_trend,GC_RUN,True,120,7,13.245250273046622,eligible
evaluation_stride,pk_ssm,GC_BIKE,True,413,26,6.43915966716211,eligible
evaluation_stride,pk_ssm,GC_INFERRED_BIKE_OTHER,True,30,2,4.073859228825874,descriptive_only
evaluation_stride,pk_ssm,GC_INFERRED_BIKE_SWIM,True,6,1,10.754582775963677,descriptive_only
evaluation_stride,pk_ssm,GC_RUN,True,90,7,5.995418210325475,eligible
evaluation_stride,tcn,GC_BIKE,True,413,26,6.498783012166893,eligible
evaluation_stride,tcn,GC_INFERRED_BIKE_OTHER,True,30,2,4.483642973815149,descriptive_only
evaluation_stride,tcn,GC_INFERRED_BIKE_SWIM,True,6,1,11.025191105736626,descriptive_only
evaluation_stride,tcn,GC_RUN,True,90,7,5.934662754160674,eligible
evaluation_stride,gru,GC_BIKE,True,413,26,6.599568422551615,eligible
evaluation_stride,gru,GC_INFERRED_BIKE_OTHER,True,30,2,4.793756045826404,descriptive_only
evaluation_stride,gru,GC_INFERRED_BIKE_SWIM,True,6,1,12.54478645324707,descriptive_only
evaluation_stride,gru,GC_RUN,True,90,7,6.090834044733547,eligible
evaluation_stride,lstm,GC_BIKE,True,413,26,6.651216903827018,eligible
evaluation_stride,lstm,GC_INFERRED_BIKE_OTHER,True,30,2,4.366934257851608,descriptive_only
evaluation_stride,lstm,GC_INFERRED_BIKE_SWIM,True,6,1,17.26198018391927,descriptive_only
evaluation_stride,lstm,GC_RUN,True,90,7,6.038478252301714,eligible
evaluation_stride,transformer,GC_BIKE,True,413,26,6.457190741542194,eligible
evaluation_stride,transformer,GC_INFERRED_BIKE_OTHER,True,30,2,4.423789702925196,descriptive_only
evaluation_stride,transformer,GC_INFERRED_BIKE_SWIM,True,6,1,10.956703917185466,descriptive_only
evaluation_stride,transformer,GC_RUN,True,90,7,5.842489965710862,eligible
evaluation_stride,first_order_kinetics,GC_BIKE,True,413,26,6.615195865283296,eligible
evaluation_stride,first_order_kinetics,GC_INFERRED_BIKE_OTHER,True,30,2,4.172284283868442,descriptive_only
evaluation_stride,first_order_kinetics,GC_INFERRED_BIKE_SWIM,True,6,1,10.254381953345405,descriptive_only
evaluation_stride,first_order_kinetics,GC_RUN,True,90,7,5.87219099061543,eligible
evaluation_stride,residual_ssm,GC_BIKE,True,413,26,6.482941619570406,eligible
evaluation_stride,residual_ssm,GC_INFERRED_BIKE_OTHER,True,30,2,4.278156717450892,descriptive_only
evaluation_stride,residual_ssm,GC_INFERRED_BIKE_SWIM,True,6,1,10.356810972425674,descriptive_only
evaluation_stride,residual_ssm,GC_RUN,True,90,7,5.71954238506508,eligible
evaluation_stride,persistence,GC_BIKE,True,413,26,6.660300620076372,eligible
evaluation_stride,persistence,GC_INFERRED_BIKE_OTHER,True,30,2,4.132645988228005,descriptive_only
evaluation_stride,persistence,GC_INFERRED_BIKE_SWIM,True,6,1,10.815277777777778,descriptive_only
evaluation_stride,persistence,GC_RUN,True,90,7,5.816540792161539,eligible
evaluation_stride,damped_trend,GC_BIKE,True,413,26,9.876695291880813,eligible
evaluation_stride,damped_trend,GC_INFERRED_BIKE_OTHER,True,30,2,6.197329158981887,descriptive_only
evaluation_stride,damped_trend,GC_INFERRED_BIKE_SWIM,True,6,1,21.87457594341702,descriptive_only
evaluation_stride,damped_trend,GC_RUN,True,90,7,7.674704009217101,eligible
